[
  {
    "id": 1,
    "name": "Nukus shahri",
    "region_name": "Qoraqalpog'iston Respublikasi"
  },
  {
    "id": 2,
    "name": "Amudaryo tumani",
    "region_name": "Qoraqalpog'iston Respublikasi"
  },
  {
    "id": 3,
    "name": "Beruniy tumani",
    "region_name": "Qoraqalpog'iston Respublikasi"
  },
  {
    "id": 4,
    "name": "Bo'zatov tumani",
    "region_name": "Qoraqalpog'iston Respublikasi"
  },
  {
    "id": 5,
    "name": "Kegeyli tumani",
    "region_name": "Qoraqalpog'iston Respublikasi"
  },
  {
    "id": 6,
    "name": "Qonliko'l tumani",
    "region_name": "Qoraqalpog'iston Respublikasi"
  },
  {
    "id": 7,
    "name": "Qorao'zak tumani",
    "region_name": "Qoraqalpog'iston Respublikasi"
  },
  {
    "id": 8,
    "name": "Qo'ng'irot tumani",
    "region_name": "Qoraqalpog'iston Respublikasi"
  },
  {
    "id": 9,
    "name": "Mo'ynoq tumani",
    "region_name": "Qoraqalpog'iston Respublikasi"
  },
  {
    "id": 10,
    "name": "Nukus tumani",
    "region_name": "Qoraqalpog'iston Respublikasi"
  },
  {
    "id": 11,
    "name": "Taxiatosh tumani",
    "region_name": "Qoraqalpog'iston Respublikasi"
  },
  {
    "id": 12,
    "name": "Taxtako'pir tumani",
    "region_name": "Qoraqalpog'iston Respublikasi"
  },
  {
    "id": 13,
    "name": "To'rtko'l tumani",
    "region_name": "Qoraqalpog'iston Respublikasi"
  },
  {
    "id": 14,
    "name": "Xo'jayli tumani",
    "region_name": "Qoraqalpog'iston Respublikasi"
  },
  {
    "id": 15,
    "name": "Chimboy tumani",
    "region_name": "Qoraqalpog'iston Respublikasi"
  },
  {
    "id": 16,
    "name": "Shumanay tumani",
    "region_name": "Qoraqalpog'iston Respublikasi"
  },
  {
    "id": 17,
    "name": "Ellikqal'a tumani",
    "region_name": "Qoraqalpog'iston Respublikasi"
  },
  {
    "id": 18,
    "name": "Andijon shahri",
    "region_name": "Andijon viloyati"
  },
  {
    "id": 19,
    "name": "Xonobod shahri",
    "region_name": "Andijon viloyati"
  },
  {
    "id": 20,
    "name": "Andijon tumani",
    "region_name": "Andijon viloyati"
  },
  {
    "id": 21,
    "name": "Asaka tumani",
    "region_name": "Andijon viloyati"
  },
  {
    "id": 22,
    "name": "Baliqchi tumani",
    "region_name": "Andijon viloyati"
  },
  {
    "id": 23,
    "name": "Buloqboshi tumani",
    "region_name": "Andijon viloyati"
  },
  {
    "id": 24,
    "name": "Bo'ston tumani",
    "region_name": "Andijon viloyati"
  },
  {
    "id": 25,
    "name": "Izboskan tumani",
    "region_name": "Andijon viloyati"
  },
  {
    "id": 26,
    "name": "Jalaquduq tumani",
    "region_name": "Andijon viloyati"
  },
  {
    "id": 27,
    "name": "Marhamat tumani",
    "region_name": "Andijon viloyati"
  },
  {
    "id": 28,
    "name": "Oltinko'l tumani",
    "region_name": "Andijon viloyati"
  },
  {
    "id": 29,
    "name": "Paxtaobod tumani",
    "region_name": "Andijon viloyati"
  },
  {
    "id": 30,
    "name": "Ulug'nor tumani",
    "region_name": "Andijon viloyati"
  },
  {
    "id": 31,
    "name": "Xo'jaobod tumani",
    "region_name": "Andijon viloyati"
  },
  {
    "id": 32,
    "name": "Shahrixon tumani",
    "region_name": "Andijon viloyati"
  },
  {
    "id": 33,
    "name": "Qo'rg'ontepa tumani",
    "region_name": "Andijon viloyati"
  },
  {
    "id": 34,
    "name": "Buxoro shahri",
    "region_name": "Buxoro viloyati"
  },
  {
    "id": 35,
    "name": "Kogon shahri",
    "region_name": "Buxoro viloyati"
  },
  {
    "id": 36,
    "name": "Buxoro tumani",
    "region_name": "Buxoro viloyati"
  },
  {
    "id": 37,
    "name": "Vobkent tumani",
    "region_name": "Buxoro viloyati"
  },
  {
    "id": 38,
    "name": "Jondor tumani",
    "region_name": "Buxoro viloyati"
  },
  {
    "id": 39,
    "name": "Kogon tumani",
    "region_name": "Buxoro viloyati"
  },
  {
    "id": 40,
    "name": "Olot tumani",
    "region_name": "Buxoro viloyati"
  },
  {
    "id": 41,
    "name": "Peshku tumani",
    "region_name": "Buxoro viloyati"
  },
  {
    "id": 42,
    "name": "Romitan tumani",
    "region_name": "Buxoro viloyati"
  },
  {
    "id": 43,
    "name": "Shofirkon tumani",
    "region_name": "Buxoro viloyati"
  },
  {
    "id": 44,
    "name": "Qorako'l tumani",
    "region_name": "Buxoro viloyati"
  },
  {
    "id": 45,
    "name": "Qorovulbozor tumani",
    "region_name": "Buxoro viloyati"
  },
  {
    "id": 46,
    "name": "G'ijduvon tumani",
    "region_name": "Buxoro viloyati"
  },
  {
    "id": 47,
    "name": "Arnasoy tumani",
    "region_name": "Jizzax viloyati"
  },
  {
    "id": 48,
    "name": "Baxmal tumani",
    "region_name": "Jizzax viloyati"
  },
  {
    "id": 49,
    "name": "G'allaorol tumani",
    "region_name": "Jizzax viloyati"
  },
  {
    "id": 50,
    "name": "Sharof Rashidov tumani",
    "region_name": "Jizzax viloyati"
  },
  {
    "id": 51,
    "name": "Do'stlik tumani",
    "region_name": "Jizzax viloyati"
  },
  {
    "id": 52,
    "name": "Zarbdor tumani",
    "region_name": "Jizzax viloyati"
  },
  {
    "id": 53,
    "name": "Zafarobod tumani",
    "region_name": "Jizzax viloyati"
  },
  {
    "id": 54,
    "name": "Zomin tumani",
    "region_name": "Jizzax viloyati"
  },
  {
    "id": 55,
    "name": "Mirzacho'l tumani",
    "region_name": "Jizzax viloyati"
  },
  {
    "id": 56,
    "name": "Paxtakor tumani",
    "region_name": "Jizzax viloyati"
  },
  {
    "id": 57,
    "name": "Forish tumani",
    "region_name": "Jizzax viloyati"
  },
  {
    "id": 58,
    "name": "Yangiobod tumani",
    "region_name": "Jizzax viloyati"
  },
  {
    "id": 59,
    "name": "Jizzax shahri",
    "region_name": "Jizzax viloyati"
  },
  {
    "id": 60,
    "name": "Qarshi shahri",
    "region_name": "Qashqadaryo viloyati"
  },
  {
    "id": 61,
    "name": "Koson tumani",
    "region_name": "Qashqadaryo viloyati"
  },
  {
    "id": 62,
    "name": "Yakkabog' tumani",
    "region_name": "Qashqadaryo viloyati"
  },
  {
    "id": 63,
    "name": "Dehqonobod tumani",
    "region_name": "Qashqadaryo viloyati"
  },
  {
    "id": 64,
    "name": "Shahrisabz shahri",
    "region_name": "Qashqadaryo viloyati"
  },
  {
    "id": 65,
    "name": "Ko'kdala tumani",
    "region_name": "Qashqadaryo viloyati"
  },
  {
    "id": 66,
    "name": "Nishon tumani",
    "region_name": "Qashqadaryo viloyati"
  },
  {
    "id": 67,
    "name": "Qamashi tumani",
    "region_name": "Qashqadaryo viloyati"
  },
  {
    "id": 68,
    "name": "Chiroqchi tumani",
    "region_name": "Qashqadaryo viloyati"
  },
  {
    "id": 69,
    "name": "Kitob tumani",
    "region_name": "Qashqadaryo viloyati"
  },
  {
    "id": 70,
    "name": "Qarshi shahri",
    "region_name": "Qashqadaryo viloyati"
  },
  {
    "id": 71,
    "name": "G'uzor tumani",
    "region_name": "Qashqadaryo viloyati"
  },
  {
    "id": 72,
    "name": "Kasbi tumani",
    "region_name": "Qashqadaryo viloyati"
  },
  {
    "id": 73,
    "name": "Shahrisabz tumani",
    "region_name": "Qashqadaryo viloyati"
  },
  {
    "id": 74,
    "name": "Muborak tumani",
    "region_name": "Qashqadaryo viloyati"
  },
  {
    "id": 75,
    "name": "Mirishkor tumani",
    "region_name": "Qashqadaryo viloyati"
  },
  {
    "id": 76,
    "name": "Navoiy shahri",
    "region_name": "Navoiy viloyati"
  },
  {
    "id": 77,
    "name": "Zarafshon shahri",
    "region_name": "Navoiy viloyati"
  },
  {
    "id": 78,
    "name": "G'ozg'on shahri",
    "region_name": "Navoiy viloyati"
  },
  {
    "id": 79,
    "name": "Karmana tumani",
    "region_name": "Navoiy viloyati"
  },
  {
    "id": 80,
    "name": "Konimex tumani",
    "region_name": "Navoiy viloyati"
  },
  {
    "id": 81,
    "name": "Qiziltepa tumani",
    "region_name": "Navoiy viloyati"
  },
  {
    "id": 82,
    "name": "Navbahor tumani",
    "region_name": "Navoiy viloyati"
  },
  {
    "id": 83,
    "name": "Nurota tumani",
    "region_name": "Navoiy viloyati"
  },
  {
    "id": 84,
    "name": "Tomdi tumani",
    "region_name": "Navoiy viloyati"
  },
  {
    "id": 85,
    "name": "Uchquduq tumani",
    "region_name": "Navoiy viloyati"
  },
  {
    "id": 86,
    "name": "Xatirchi tumani",
    "region_name": "Navoiy viloyati"
  },
  {
    "id": 87,
    "name": "Namangan shahri",
    "region_name": "Namangan viloyati"
  },
  {
    "id": 88,
    "name": "Davlatobod tumani",
    "region_name": "Namangan viloyati"
  },
  {
    "id": 89,
    "name": "Yangi Namangan tumani",
    "region_name": "Namangan viloyati"
  },
  {
    "id": 90,
    "name": "Mingbuloq tumani",
    "region_name": "Namangan viloyati"
  },
  {
    "id": 91,
    "name": "Kosonsoy tumani",
    "region_name": "Namangan viloyati"
  },
  {
    "id": 92,
    "name": "Namangan tumani",
    "region_name": "Namangan viloyati"
  },
  {
    "id": 93,
    "name": "Norin tumani",
    "region_name": "Namangan viloyati"
  },
  {
    "id": 94,
    "name": "Pop tumani",
    "region_name": "Namangan viloyati"
  },
  {
    "id": 95,
    "name": "To'raqo'rg'on tumani",
    "region_name": "Namangan viloyati"
  },
  {
    "id": 96,
    "name": "Uychi tumani",
    "region_name": "Namangan viloyati"
  },
  {
    "id": 97,
    "name": "Uchqo'rg'on tumani",
    "region_name": "Namangan viloyati"
  },
  {
    "id": 98,
    "name": "Chortoq tumani",
    "region_name": "Namangan viloyati"
  },
  {
    "id": 99,
    "name": "Chust tumani",
    "region_name": "Namangan viloyati"
  },
  {
    "id": 100,
    "name": "Yangiqo'rg'on tumani",
    "region_name": "Namangan viloyati"
  },
  {
    "id": 101,
    "name": "Samarqand shahri",
    "region_name": "Samarqand viloyati"
  },
  {
    "id": 102,
    "name": "Kattaqo'rg'on shahri",
    "region_name": "Samarqand viloyati"
  },
  {
    "id": 103,
    "name": "Bulung'ur tumani",
    "region_name": "Samarqand viloyati"
  },
  {
    "id": 104,
    "name": "Jomboy tumani",
    "region_name": "Samarqand viloyati"
  },
  {
    "id": 105,
    "name": "Ishtixon tumani",
    "region_name": "Samarqand viloyati"
  },
  {
    "id": 106,
    "name": "Kattaqo'rg'on tumani",
    "region_name": "Samarqand viloyati"
  },
  {
    "id": 107,
    "name": "Narpay tumani",
    "region_name": "Samarqand viloyati"
  },
  {
    "id": 108,
    "name": "Nurobod tumani",
    "region_name": "Samarqand viloyati"
  },
  {
    "id": 109,
    "name": "Oqdaryo tumani",
    "region_name": "Samarqand viloyati"
  },
  {
    "id": 110,
    "name": "Payariq tumani",
    "region_name": "Samarqand viloyati"
  },
  {
    "id": 111,
    "name": "Pastdarg'om tumani",
    "region_name": "Samarqand viloyati"
  },
  {
    "id": 112,
    "name": "Paxtachi tumani",
    "region_name": "Samarqand viloyati"
  },
  {
    "id": 113,
    "name": "Samarqand tumani",
    "region_name": "Samarqand viloyati"
  },
  {
    "id": 114,
    "name": "Toyloq tumani",
    "region_name": "Samarqand viloyati"
  },
  {
    "id": 115,
    "name": "Urgut tumani",
    "region_name": "Samarqand viloyati"
  },
  {
    "id": 116,
    "name": "Qo'shrabot tumani",
    "region_name": "Samarqand viloyati"
  },
  {
    "id": 117,
    "name": "Boyovut tumani",
    "region_name": "Sirdaryo viloyati"
  },
  {
    "id": 118,
    "name": "Guliston tumani",
    "region_name": "Sirdaryo viloyati"
  },
  {
    "id": 119,
    "name": "Mirzaobod tumani",
    "region_name": "Sirdaryo viloyati"
  },
  {
    "id": 120,
    "name": "Oqoltin tumani",
    "region_name": "Sirdaryo viloyati"
  },
  {
    "id": 121,
    "name": "Sardoba tumani",
    "region_name": "Sirdaryo viloyati"
  },
  {
    "id": 122,
    "name": "Sayxunobod tumani",
    "region_name": "Sirdaryo viloyati"
  },
  {
    "id": 123,
    "name": "Sirdaryo tumani",
    "region_name": "Sirdaryo viloyati"
  },
  {
    "id": 124,
    "name": "Xovos tumani",
    "region_name": "Sirdaryo viloyati"
  },
  {
    "id": 125,
    "name": "Guliston shahri",
    "region_name": "Sirdaryo viloyati"
  },
  {
    "id": 126,
    "name": "Yangiyer shahri",
    "region_name": "Sirdaryo viloyati"
  },
  {
    "id": 127,
    "name": "Shirin shahri",
    "region_name": "Sirdaryo viloyati"
  },
  {
    "id": 128,
    "name": "Angor tumani",
    "region_name": "Surxondaryo viloyati"
  },
  {
    "id": 129,
    "name": "Bandixon tumani",
    "region_name": "Surxondaryo viloyati"
  },
  {
    "id": 130,
    "name": "Boysun tumani",
    "region_name": "Surxondaryo viloyati"
  },
  {
    "id": 131,
    "name": "Denov tumani",
    "region_name": "Surxondaryo viloyati"
  },
  {
    "id": 132,
    "name": "Jarqo'rg'on tumani",
    "region_name": "Surxondaryo viloyati"
  },
  {
    "id": 133,
    "name": "Qiziriq tumani",
    "region_name": "Surxondaryo viloyati"
  },
  {
    "id": 134,
    "name": "Qumqo'rg'on tumani",
    "region_name": "Surxondaryo viloyati"
  },
  {
    "id": 135,
    "name": "Muzrabot tumani",
    "region_name": "Surxondaryo viloyati"
  },
  {
    "id": 136,
    "name": "Oltinsoy tumani",
    "region_name": "Surxondaryo viloyati"
  },
  {
    "id": 137,
    "name": "Sariosiyo tumani",
    "region_name": "Surxondaryo viloyati"
  },
  {
    "id": 138,
    "name": "Termiz tumani",
    "region_name": "Surxondaryo viloyati"
  },
  {
    "id": 139,
    "name": "Termiz shahri",
    "region_name": "Surxondaryo viloyati"
  },
  {
    "id": 140,
    "name": "Uzun tumani",
    "region_name": "Surxondaryo viloyati"
  },
  {
    "id": 141,
    "name": "Sherobod tumani",
    "region_name": "Surxondaryo viloyati"
  },
  {
    "id": 142,
    "name": "Sho'rchi tumani",
    "region_name": "Surxondaryo viloyati"
  },
  {
    "id": 143,
    "name": "Angren shahri",
    "region_name": "Toshkent viloyati"
  },
  {
    "id": 144,
    "name": "Bekobod shahri",
    "region_name": "Toshkent viloyati"
  },
  {
    "id": 145,
    "name": "Nurafshon shahri",
    "region_name": "Toshkent viloyati"
  },
  {
    "id": 146,
    "name": "Olmaliq shahri",
    "region_name": "Toshkent viloyati"
  },
  {
    "id": 147,
    "name": "Ohangaron shahri",
    "region_name": "Toshkent viloyati"
  },
  {
    "id": 148,
    "name": "Chirchiq shahri",
    "region_name": "Toshkent viloyati"
  },
  {
    "id": 149,
    "name": "Yangiyo'l shahri",
    "region_name": "Toshkent viloyati"
  },
  {
    "id": 150,
    "name": "Bekobod tumani",
    "region_name": "Toshkent viloyati"
  },
  {
    "id": 151,
    "name": "Bo'ka tumani",
    "region_name": "Toshkent viloyati"
  },
  {
    "id": 152,
    "name": "Bo'stonliq tumani",
    "region_name": "Toshkent viloyati"
  },
  {
    "id": 153,
    "name": "Zangiota tumani",
    "region_name": "Toshkent viloyati"
  },
  {
    "id": 154,
    "name": "Qibray tumani",
    "region_name": "Toshkent viloyati"
  },
  {
    "id": 155,
    "name": "Quyi Chirchiq tumani",
    "region_name": "Toshkent viloyati"
  },
  {
    "id": 156,
    "name": "Oqqo'rg'on tumani",
    "region_name": "Toshkent viloyati"
  },
  {
    "id": 157,
    "name": "Ohangaron tumani",
    "region_name": "Toshkent viloyati"
  },
  {
    "id": 158,
    "name": "Parkent tumani",
    "region_name": "Toshkent viloyati"
  },
  {
    "id": 159,
    "name": "Piskent tumani",
    "region_name": "Toshkent viloyati"
  },
  {
    "id": 160,
    "name": "Toshkent tumani",
    "region_name": "Toshkent viloyati"
  },
  {
    "id": 161,
    "name": "O'rta Chirchiq tumani",
    "region_name": "Toshkent viloyati"
  },
  {
    "id": 162,
    "name": "Chinoz tumani",
    "region_name": "Toshkent viloyati"
  },
  {
    "id": 163,
    "name": "Yuqori Chirchiq tumani",
    "region_name": "Toshkent viloyati"
  },
  {
    "id": 164,
    "name": "Yangiyo'l tumani",
    "region_name": "Toshkent viloyati"
  },
  {
    "id": 165,
    "name": "Uchko'prik tumani",
    "region_name": "Farg'ona viloyati"
  },
  {
    "id": 166,
    "name": "Beshariq tumani",
    "region_name": "Farg'ona viloyati"
  },
  {
    "id": 167,
    "name": "Yozyovon tumani",
    "region_name": "Farg'ona viloyati"
  },
  {
    "id": 168,
    "name": "Quvasoy shahri",
    "region_name": "Farg'ona viloyati"
  },
  {
    "id": 169,
    "name": "Qo'shtepa tumani",
    "region_name": "Farg'ona viloyati"
  },
  {
    "id": 170,
    "name": "Qo'qon shahri",
    "region_name": "Farg'ona viloyati"
  },
  {
    "id": 171,
    "name": "Marg'ilon shahri",
    "region_name": "Farg'ona viloyati"
  },
  {
    "id": 172,
    "name": "Furqat tumani",
    "region_name": "Farg'ona viloyati"
  },
  {
    "id": 173,
    "name": "O'zbekiston tumani",
    "region_name": "Farg'ona viloyati"
  },
  {
    "id": 174,
    "name": "So'x tumani",
    "region_name": "Farg'ona viloyati"
  },
  {
    "id": 175,
    "name": "Farg'ona tumani",
    "region_name": "Farg'ona viloyati"
  },
  {
    "id": 176,
    "name": "Buvayda tumani",
    "region_name": "Farg'ona viloyati"
  },
  {
    "id": 177,
    "name": "Rishton tumani",
    "region_name": "Farg'ona viloyati"
  },
  {
    "id": 178,
    "name": "Toshloq tumani",
    "region_name": "Farg'ona viloyati"
  },
  {
    "id": 179,
    "name": "Oltiariq tumani",
    "region_name": "Farg'ona viloyati"
  },
  {
    "id": 180,
    "name": "Dang'ara tumani",
    "region_name": "Farg'ona viloyati"
  },
  {
    "id": 181,
    "name": "Bag'dod tumani",
    "region_name": "Farg'ona viloyati"
  },
  {
    "id": 182,
    "name": "Quva tumani",
    "region_name": "Farg'ona viloyati"
  },
  {
    "id": 183,
    "name": "Farg'ona shahri",
    "region_name": "Farg'ona viloyati"
  },
  {
    "id": 184,
    "name": "Urganch shahri",
    "region_name": "Xorazm viloyati"
  },
  {
    "id": 185,
    "name": "Xiva shahri",
    "region_name": "Xorazm viloyati"
  },
  {
    "id": 186,
    "name": "Bog'ot tumani",
    "region_name": "Xorazm viloyati"
  },
  {
    "id": 187,
    "name": "Gurlan tumani",
    "region_name": "Xorazm viloyati"
  },
  {
    "id": 188,
    "name": "Qo'shko'pir tumani",
    "region_name": "Xorazm viloyati"
  },
  {
    "id": 189,
    "name": "Urganch tumani",
    "region_name": "Xorazm viloyati"
  },
  {
    "id": 190,
    "name": "Xazorasp tumani",
    "region_name": "Xorazm viloyati"
  },
  {
    "id": 191,
    "name": "Xonqa tumani",
    "region_name": "Xorazm viloyati"
  },
  {
    "id": 192,
    "name": "Xiva tumani",
    "region_name": "Xorazm viloyati"
  },
  {
    "id": 193,
    "name": "Shovot tumani",
    "region_name": "Xorazm viloyati"
  },
  {
    "id": 194,
    "name": "Yangiariq tumani",
    "region_name": "Xorazm viloyati"
  },
  {
    "id": 195,
    "name": "Yangibozor tumani",
    "region_name": "Xorazm viloyati"
  },
  {
    "id": 196,
    "name": "Tuproqqal'a tumani",
    "region_name": "Xorazm viloyati"
  },
  {
    "id": 197,
    "name": "Bektemir tumani",
    "region_name": "Toshkent shahri"
  },
  {
    "id": 198,
    "name": "Mirobod tumani",
    "region_name": "Toshkent shahri"
  },
  {
    "id": 199,
    "name": "Mirzo Ulug'bek tumani",
    "region_name": "Toshkent shahri"
  },
  {
    "id": 200,
    "name": "Olmazor tumani",
    "region_name": "Toshkent shahri"
  },
  {
    "id": 201,
    "name": "Sirg'ali tumani",
    "region_name": "Toshkent shahri"
  },
  {
    "id": 202,
    "name": "Chilonzor tumani",
    "region_name": "Toshkent shahri"
  },
  {
    "id": 203,
    "name": "Shayxontohur tumani",
    "region_name": "Toshkent shahri"
  },
  {
    "id": 204,
    "name": "Uchtepa tumani",
    "region_name": "Toshkent shahri"
  },
  {
    "id": 205,
    "name": "Yunusobod tumani",
    "region_name": "Toshkent shahri"
  },
  {
    "id": 206,
    "name": "Yakkasaroy tumani",
    "region_name": "Toshkent shahri"
  },
  {
    "id": 207,
    "name": "Yashnobod tumani",
    "region_name": "Toshkent shahri"
  },
  {
    "id": 208,
    "name": "Yangihayot tumani",
    "region_name": "Toshkent shahri"
  }
]